tailNumber;model;lastCheck;nextCheck;flightHours;status
SA8880;Airbus A330;2024-09-24;2026-03-27;2847;OK
KE2815;Airbus A350;2025-01-30;2026-01-28;3714;OK
DL6343;Airbus A350;2024-08-16;2025-07-11;1122;OK
QR5924;Airbus A320;2024-08-14;2025-07-19;1289;OK
AF1454;Boeing 737;2025-01-19;2025-11-20;4439;OK
ET4010;Boeing 747;2024-11-17;2026-01-28;883;OK
SK3823;Airbus A330;2024-12-12;2026-01-13;1723;OK
LA9571;Airbus A330;2024-06-26;2025-06-12;137;OK
AA7291;Airbus A320;2024-09-09;2025-06-06;4763;OK
BA8817;Boeing 737;2024-10-12;2025-11-26;1935;OK
AF8764;Boeing 747;2025-04-15;2026-02-04;1537;OK
WN2726;Airbus A320;2025-03-09;2025-12-13;4444;OK
AC1756;Airbus A350;2025-04-24;2025-12-15;3909;OK
SA7667;Boeing 737;2024-11-23;2025-10-28;4547;OK
TG8482;Airbus A320;2025-04-04;2025-10-30;3595;OK
TG5949;Airbus A350;2024-09-19;2026-03-12;1294;OK
SK7047;Boeing 737;2025-04-24;2025-11-29;1587;OK
AC5785;Airbus A320;2024-08-24;2026-05-07;3706;OK
SQ7108;Airbus A350;2024-11-19;2025-12-03;1414;OK
TG3656;Airbus A350;2025-03-25;2025-07-10;4663;OK
AV3043;Boeing 777;2024-10-22;2026-02-18;3173;OK
WN7069;Airbus A350;2024-08-03;2026-06-16;4424;OK
AZ8773;Boeing 737;2025-01-03;2026-05-01;3735;OK
ET2023;Boeing 777;2024-11-14;2026-02-19;2454;OK
AV2901;Boeing 737;2025-03-04;2025-06-29;1839;OK
AI9700;Boeing 737;2024-11-06;2025-12-23;3573;OK
SQ2554;Airbus A330;2024-07-30;2026-06-17;2134;OK
ET6215;Boeing 747;2025-05-22;2025-06-14;2692;OK
CX4520;Airbus A350;2025-03-12;2026-07-27;842;OK
SK1999;Boeing 747;2025-03-01;2025-08-06;3286;OK
AI6681;Boeing 737;2024-10-14;2026-07-20;3575;OK
AV6230;Boeing 737;2025-03-26;2025-06-10;1517;OK
KL9159;Boeing 747;2025-02-01;2025-06-25;4967;OK
AA4201;Airbus A330;2024-11-09;2026-01-22;2166;OK
TG8972;Airbus A330;2024-11-12;2025-07-29;896;OK
LH6321;Airbus A320;2024-07-06;2025-11-22;389;OK
TG9555;Airbus A320;2025-03-13;2026-05-15;4835;OK
KE7078;Airbus A330;2024-08-15;2025-06-14;3799;OK
NH6079;Boeing 737;2024-10-03;2026-04-22;1713;OK
AM7303;Airbus A350;2024-07-19;2025-12-02;1733;OK
TG7094;Boeing 777;2024-12-25;2026-03-24;508;OK
ET7092;Airbus A320;2025-03-16;2025-09-21;3529;OK
BA1442;Airbus A350;2025-06-01;2026-07-12;3876;OK
LH3478;Boeing 747;2024-07-20;2026-03-19;4566;OK
AC2804;Boeing 747;2024-10-08;2025-06-22;1553;OK
BA1907;Airbus A320;2025-04-20;2026-01-27;4059;OK
SK9521;Airbus A330;2024-07-14;2026-02-06;2031;OK
KL6095;Airbus A320;2025-01-25;2025-11-10;2762;OK
SK6503;Boeing 737;2025-05-17;2025-06-05;867;OK
AM3135;Boeing 747;2024-12-06;2025-05-31;4544;OK
KE5043;Airbus A330;2024-09-20;2026-06-11;3432;OK
AI4437;Airbus A350;2024-08-09;2025-09-15;2803;OK
AZ2844;Airbus A320;2024-10-03;2025-12-07;2152;OK
KL1090;Airbus A350;2024-12-06;2026-05-06;3545;OK
NZ4614;Airbus A320;2024-08-20;2025-07-12;2539;OK
AM6576;Airbus A320;2024-12-13;2026-05-31;916;OK
AZ7819;Boeing 737;2025-01-31;2025-11-27;1884;OK
IB3864;Boeing 747;2024-12-08;2026-04-23;2422;OK
QF4285;Boeing 747;2024-07-17;2026-02-11;1910;OK
KL2216;Airbus A330;2025-06-15;2026-02-28;4124;OK
IB3853;Airbus A350;2024-06-20;2026-01-05;3644;OK
AA7448;Airbus A330;2024-10-16;2025-08-31;4965;OK
DL1887;Boeing 737;2024-10-03;2025-08-03;1916;OK
UA8589;Boeing 737;2024-07-30;2026-07-09;732;OK
LH8573;Airbus A330;2024-08-09;2026-03-24;2840;OK
AM5855;Airbus A350;2024-07-09;2026-04-23;2011;OK
AM4292;Boeing 747;2025-03-16;2026-02-19;2942;OK
AV3764;Airbus A320;2025-05-15;2026-02-27;2377;OK
NH8398;Airbus A350;2024-12-19;2025-10-14;1558;OK
AV6390;Airbus A320;2025-05-06;2025-12-25;1289;OK
KE5891;Boeing 737;2024-11-26;2026-05-16;3402;OK
UA9984;Airbus A330;2024-06-21;2025-06-13;947;OK
UA3491;Airbus A350;2024-09-02;2025-08-06;4821;OK
AV8222;Boeing 777;2024-11-30;2025-12-05;1954;OK
SK2136;Airbus A330;2025-02-04;2026-05-22;2113;OK
AZ8666;Boeing 747;2024-11-10;2025-08-04;2354;OK
SK2386;Airbus A320;2025-02-14;2025-10-30;3846;OK
AV7364;Airbus A330;2025-05-14;2025-11-11;1662;OK
IB9873;Airbus A330;2025-03-10;2025-09-26;4291;OK
QF6818;Boeing 777;2025-05-30;2025-12-09;3832;OK
LH6645;Airbus A320;2024-07-03;2025-07-30;4552;OK
AI9907;Boeing 747;2025-03-24;2025-07-27;3081;OK
KL3748;Boeing 777;2024-11-20;2025-08-18;4410;OK
TG4162;Boeing 777;2025-01-17;2025-11-22;1599;OK
BA7019;Boeing 737;2024-06-28;2025-12-08;976;OK
TG3333;Airbus A350;2025-02-02;2026-07-05;3230;OK
QF3037;Airbus A330;2024-12-18;2025-06-21;1425;OK
ET5945;Airbus A350;2024-09-22;2026-05-11;1300;OK
IB8450;Airbus A330;2025-06-12;2026-07-14;571;OK
TG5206;Boeing 777;2025-06-19;2026-05-25;1031;OK
AI5401;Boeing 737;2024-06-26;2026-06-21;3453;OK
NH9612;Boeing 777;2025-01-17;2026-01-19;3048;OK
SK3007;Boeing 747;2025-04-16;2025-10-29;4027;OK
KE8507;Airbus A320;2024-11-17;2026-02-08;4969;OK
SK9204;Airbus A330;2024-09-24;2026-04-12;215;OK
TG3277;Airbus A330;2025-02-09;2026-01-25;4417;OK
BA6235;Boeing 747;2025-04-26;2025-11-11;4739;OK
DL2657;Airbus A320;2025-01-29;2026-04-21;617;OK
AI6155;Boeing 737;2025-03-16;2026-03-02;3360;OK
EK6800;Airbus A320;2025-04-08;2026-07-19;767;OK
CX9286;Boeing 747;2024-10-08;2026-02-21;4422;OK
UA5079;Airbus A320;2024-07-29;2026-03-22;1301;OK
IB8526;Airbus A350;2025-05-12;2026-05-07;1740;OK
LH7515;Airbus A330;2024-07-18;2025-12-28;3232;OK
EK8700;Boeing 747;2025-02-13;2025-07-26;4614;OK
AM3006;Airbus A330;2025-06-15;2026-06-29;2480;OK
SK9524;Boeing 737;2024-12-12;2026-03-13;2154;OK
QF3355;Boeing 777;2024-08-08;2025-10-09;4201;OK
AF9595;Airbus A330;2024-12-11;2026-04-10;951;OK
KE7320;Airbus A350;2024-09-06;2025-11-08;3125;OK
UA2278;Airbus A320;2025-01-09;2026-02-03;2776;OK
CX6791;Airbus A350;2024-10-26;2026-03-01;899;OK
QR9095;Airbus A320;2025-05-12;2026-04-22;2149;OK
AI8840;Boeing 737;2024-08-21;2025-12-24;3997;OK
LH6171;Airbus A320;2025-01-29;2026-05-07;3236;OK
ET9985;Boeing 747;2025-04-15;2025-07-07;2641;OK
CX7337;Airbus A320;2025-02-05;2025-07-09;219;OK
UA4382;Airbus A320;2024-12-06;2026-05-30;4976;OK
AC1283;Boeing 777;2024-10-27;2025-09-20;1761;OK
SQ9917;Airbus A350;2025-02-13;2025-11-13;248;OK
AI2223;Airbus A350;2024-09-11;2025-10-30;2609;OK
BA2345;Airbus A330;2025-06-04;2025-07-18;4143;OK
WN9889;Boeing 777;2024-10-09;2026-06-19;2882;OK
KE3610;Airbus A330;2025-03-24;2025-12-22;4488;OK
AF5655;Airbus A320;2024-09-26;2025-06-22;665;OK
UA8267;Boeing 777;2024-09-28;2025-09-06;3841;OK
NH5700;Boeing 747;2025-06-08;2025-08-29;4188;OK
ET4158;Boeing 777;2025-02-15;2026-04-18;3596;OK
SA6127;Boeing 747;2024-08-08;2026-01-10;1336;OK
WN8596;Airbus A330;2025-01-04;2025-09-09;4679;OK
SK4970;Boeing 777;2025-05-14;2025-09-12;3208;OK
NH1625;Boeing 747;2024-09-19;2026-03-27;3444;OK
NH8860;Boeing 737;2024-08-18;2025-10-03;2063;OK
AZ6013;Boeing 737;2024-11-24;2025-05-30;3529;OK
AZ2754;Airbus A350;2025-04-14;2026-06-18;4183;OK
KL1655;Airbus A350;2024-11-29;2026-06-03;4037;OK
AV6391;Airbus A320;2025-04-18;2025-11-12;953;OK
QF3102;Boeing 747;2024-07-05;2026-03-11;4541;OK
SK4443;Airbus A350;2025-01-05;2025-12-19;3796;OK
SK8606;Airbus A330;2024-09-04;2025-11-12;2881;OK
EK2146;Airbus A320;2025-04-21;2025-11-29;2530;OK
QF5890;Airbus A330;2024-12-05;2025-08-13;542;OK
SQ5198;Boeing 737;2024-08-19;2025-10-03;1982;OK
AV3392;Boeing 777;2024-08-22;2025-12-09;1010;OK
BA4184;Airbus A350;2025-05-27;2026-07-19;1847;OK
KE9821;Airbus A330;2025-01-26;2025-07-23;3783;OK
AV7365;Airbus A350;2024-08-21;2026-06-03;4980;OK
QR6945;Airbus A320;2025-04-17;2026-07-28;4243;OK
WN3720;Boeing 747;2024-12-05;2026-04-25;2360;OK
QR5930;Airbus A320;2024-09-22;2026-01-14;3451;OK
KE3851;Boeing 747;2024-06-24;2025-10-20;4031;OK
LA5369;Boeing 777;2024-09-02;2025-09-12;2377;OK
SA8434;Boeing 737;2025-06-04;2025-11-30;1952;OK
CX3155;Airbus A330;2025-01-15;2026-02-13;1935;OK
SK4476;Boeing 747;2025-05-10;2025-12-09;1365;OK
NH3973;Boeing 777;2025-05-15;2026-03-08;2192;OK
ET1652;Boeing 737;2025-06-16;2026-06-23;4877;OK
QF9447;Airbus A320;2024-12-10;2025-10-02;983;OK
QR7340;Boeing 777;2025-06-04;2026-04-10;3040;OK
NH7502;Airbus A330;2024-09-28;2026-03-12;4758;OK
AM4317;Boeing 777;2025-06-18;2025-11-23;2307;OK
SA8435;Airbus A350;2025-03-03;2026-02-24;1579;OK
QF2795;Boeing 777;2024-10-17;2025-07-19;2493;OK
NH9125;Airbus A350;2025-03-08;2026-05-30;912;OK
SQ8152;Airbus A350;2025-01-30;2026-05-11;133;OK
AF7550;Airbus A320;2024-09-01;2026-04-07;484;OK
WN2862;Boeing 747;2025-06-19;2026-05-23;1471;OK
AM3602;Boeing 777;2025-01-18;2026-05-18;1860;OK
QF6795;Boeing 737;2024-11-01;2025-10-07;2117;OK
CX4540;Airbus A330;2024-06-28;2026-04-06;2012;OK
AM5243;Boeing 747;2024-11-17;2025-08-05;805;OK
LA4492;Airbus A320;2024-08-30;2025-10-10;3152;OK
NZ9098;Boeing 747;2024-09-13;2026-01-10;3101;OK
BA8980;Boeing 747;2025-03-17;2025-09-04;809;OK
SA2287;Airbus A350;2024-11-06;2026-02-06;1856;OK
WN2544;Airbus A320;2025-04-21;2025-08-22;3526;OK
QF6150;Airbus A330;2025-03-01;2025-07-24;3003;OK
QF4565;Boeing 777;2025-05-15;2025-07-21;2731;OK
BA4740;Airbus A330;2024-08-12;2026-04-07;3763;OK
ET8852;Airbus A350;2024-06-26;2025-07-28;749;OK
AM8764;Boeing 747;2024-07-11;2026-06-27;3776;OK
QF1378;Boeing 737;2025-05-12;2025-08-15;4422;OK
AC8457;Airbus A320;2024-12-06;2026-01-12;3513;OK
KE7832;Boeing 737;2024-07-10;2025-06-29;1854;OK
AZ7115;Airbus A320;2024-07-03;2025-07-19;1181;OK
WN1167;Boeing 747;2024-07-20;2026-07-19;837;OK
UA1770;Airbus A330;2024-08-19;2026-03-08;3169;OK
ET4205;Boeing 777;2025-01-19;2026-02-24;4946;OK
ET7935;Boeing 747;2025-01-14;2025-07-24;816;OK
SQ2732;Airbus A320;2024-12-14;2025-07-16;1585;OK
KL6936;Airbus A330;2025-04-21;2026-06-02;1425;OK
AV8175;Airbus A350;2025-04-15;2025-09-28;4106;OK
LH1276;Airbus A320;2024-11-07;2026-05-24;3544;OK
AF2120;Boeing 737;2025-05-23;2026-03-01;3030;OK
KE9236;Boeing 737;2024-07-13;2026-01-29;2096;OK
CX7004;Airbus A350;2024-09-04;2025-07-17;3256;OK
CX2657;Boeing 777;2025-03-20;2026-05-11;4128;OK
SA4429;Boeing 737;2025-04-23;2025-12-29;1397;OK
LH6965;Airbus A350;2025-05-15;2026-04-05;3524;OK
TG1736;Airbus A350;2025-05-18;2025-09-20;4665;OK
QR2379;Airbus A320;2025-05-22;2025-12-11;569;OK
CX8353;Boeing 737;2024-09-27;2025-08-27;4050;OK
TG8145;Boeing 777;2025-01-10;2026-05-23;3642;OK
SA4783;Boeing 777;2024-07-22;2025-06-18;1021;OK
SK6623;Airbus A350;2024-06-21;2026-01-26;4839;OK
QF5776;Boeing 737;2024-10-03;2026-05-30;387;OK
AM6493;Airbus A330;2025-01-05;2026-05-19;919;OK
AM7304;Airbus A350;2024-09-21;2026-07-06;333;OK
LH3045;Airbus A320;2024-07-12;2025-12-31;1972;OK
SQ3769;Airbus A320;2025-06-16;2026-06-09;4453;OK
AZ9034;Airbus A320;2025-04-19;2026-04-28;2973;OK
ET3931;Airbus A330;2025-05-04;2025-08-10;1166;OK
NH6916;Airbus A330;2025-05-01;2026-03-19;4556;OK
AZ7820;Boeing 737;2024-07-29;2026-02-21;4640;OK
AI1305;Airbus A320;2025-06-13;2025-12-24;4952;OK
ET6593;Boeing 737;2024-10-15;2025-06-01;3935;OK
AI8841;Boeing 777;2024-11-29;2026-01-21;3703;OK
AV8306;Boeing 777;2025-06-09;2025-11-15;852;OK
BA4990;Airbus A320;2024-07-29;2026-06-26;2077;OK
LH8760;Boeing 747;2024-12-04;2025-08-18;4634;OK
BA5635;Airbus A350;2024-09-02;2025-06-28;926;OK
EK4610;Airbus A320;2025-03-28;2025-06-30;4312;OK
BA2542;Boeing 747;2025-01-21;2025-10-10;4044;OK
SK7694;Airbus A330;2024-09-02;2025-06-19;1161;OK
SA2730;Boeing 777;2025-03-08;2025-07-15;1235;OK
IB7558;Airbus A350;2024-08-22;2025-11-10;3830;OK
TG5187;Boeing 737;2025-04-18;2026-02-04;131;OK
AZ1674;Boeing 777;2025-06-01;2026-03-25;1106;OK
KE8563;Boeing 737;2025-01-23;2026-05-25;3778;OK
AI6348;Airbus A320;2024-09-06;2025-06-21;1749;OK
EK5372;Airbus A320;2025-05-21;2026-07-15;1345;OK
AM2655;Airbus A330;2025-04-23;2026-01-13;2464;OK
AV4168;Boeing 737;2024-06-23;2026-01-24;4807;OK
QR6944;Airbus A330;2024-11-14;2026-03-30;4353;OK
IB1137;Airbus A330;2024-06-27;2026-05-17;3903;OK
ET6504;Boeing 777;2025-06-12;2025-11-03;4897;OK
NZ6282;Boeing 777;2025-05-26;2026-05-03;3470;OK
KE2453;Boeing 777;2025-05-22;2025-08-15;681;OK
NZ8627;Boeing 747;2025-04-22;2026-07-17;1236;OK
AM9071;Airbus A320;2024-12-24;2025-11-19;3517;OK
DL4436;Airbus A320;2024-10-07;2025-10-10;107;OK
UA6087;Boeing 747;2025-04-09;2026-05-03;2132;OK
NH6177;Boeing 737;2024-10-27;2026-03-22;2678;OK
QR7324;Airbus A350;2024-07-03;2025-11-22;1871;OK
KL3038;Boeing 737;2025-05-05;2026-03-13;4526;OK
QF8051;Boeing 737;2025-03-27;2025-11-16;852;OK
WN9630;Airbus A320;2025-01-07;2026-03-09;2391;OK
QR3146;Boeing 747;2025-02-24;2025-12-25;2946;OK
LH3182;Airbus A330;2024-10-20;2026-06-29;3789;OK
SA1191;Boeing 737;2025-05-18;2026-06-18;4078;OK
UA6785;Airbus A350;2024-08-06;2025-11-30;2942;OK
NZ3511;Airbus A350;2025-03-29;2025-11-28;705;OK
AV3547;Airbus A350;2025-02-02;2026-05-22;1909;OK
WN8565;Airbus A330;2024-08-15;2026-05-23;2619;OK
LH3163;Airbus A350;2024-08-19;2025-09-05;4847;OK
UA5373;Boeing 777;2025-05-10;2025-09-26;752;OK
BA7961;Airbus A330;2025-01-04;2025-09-04;373;OK
SK7367;Airbus A350;2025-03-30;2025-08-14;3723;OK
AA8220;Airbus A320;2024-08-13;2025-07-30;4888;OK
SQ5580;Boeing 747;2024-09-18;2026-02-01;3535;OK
NZ6283;Airbus A320;2025-03-19;2026-07-06;3966;OK
LA2115;Boeing 737;2024-12-31;2026-03-10;681;OK
TG5404;Boeing 737;2024-09-30;2025-08-08;729;OK
SQ2482;Boeing 747;2024-11-02;2026-06-14;901;OK
DL7850;Boeing 737;2024-11-22;2026-03-23;4427;OK
SK5012;Airbus A350;2024-09-08;2026-01-14;3659;OK
AM9824;Boeing 747;2024-08-28;2025-11-24;2304;OK
QF1329;Airbus A350;2025-01-06;2025-11-06;1991;OK
QF3876;Boeing 777;2024-11-28;2025-10-25;723;OK
AM1425;Airbus A350;2024-12-08;2026-03-15;1809;OK
AZ2467;Airbus A320;2024-11-29;2026-07-20;2884;OK
BA1785;Boeing 737;2025-02-14;2026-04-17;1881;OK
AI5535;Boeing 747;2024-06-26;2026-01-05;2726;OK
EK2123;Airbus A330;2025-04-22;2025-07-31;1631;OK
SQ6228;Boeing 747;2025-02-06;2025-11-11;2113;OK
NZ9967;Airbus A330;2024-08-08;2026-03-11;2766;OK
AI4444;Boeing 737;2025-02-23;2026-04-21;4051;OK
KE5892;Boeing 737;2024-10-22;2026-05-14;3099;OK
AF1722;Boeing 747;2025-02-14;2026-02-04;3139;OK
QR2424;Airbus A350;2024-11-22;2026-07-15;4806;OK
NH4423;Airbus A330;2025-03-10;2026-02-01;2796;OK
AI5502;Airbus A320;2024-11-10;2025-09-01;3528;OK
SQ5378;Boeing 737;2025-03-03;2025-12-30;3276;OK
AC5159;Boeing 747;2025-06-14;2025-06-01;2653;OK
WN3151;Boeing 737;2024-10-05;2026-02-19;3277;OK
AI8523;Airbus A330;2025-04-17;2026-03-21;2470;OK
AA3879;Airbus A320;2024-10-27;2026-01-04;3447;OK
LA3981;Boeing 737;2025-04-22;2026-04-02;669;OK
KL5799;Boeing 737;2025-01-12;2025-08-11;3476;OK
AI2783;Airbus A330;2024-12-04;2026-05-30;3242;OK
ET2308;Boeing 777;2024-11-29;2026-04-17;2616;OK
BA3914;Airbus A320;2025-02-16;2025-09-05;4928;OK
QF8052;Airbus A330;2024-07-02;2026-03-16;3865;OK
NH8743;Airbus A320;2025-04-18;2025-11-27;1790;OK
QR5348;Boeing 737;2025-01-16;2026-07-17;268;OK
AZ7831;Boeing 777;2024-06-28;2026-01-25;3586;OK
QF4792;Boeing 747;2024-08-08;2025-11-08;4508;OK
SQ3555;Boeing 737;2024-11-08;2026-01-18;4514;OK
CX4778;Boeing 747;2025-03-05;2026-04-19;4200;OK
AA8769;Boeing 737;2024-08-16;2026-05-16;4151;OK
LA1544;Airbus A330;2025-03-10;2026-01-24;2226;OK
AF8339;Boeing 777;2025-02-21;2025-09-29;3417;OK
LA2475;Airbus A320;2025-04-06;2025-07-17;108;OK
BA9625;Boeing 737;2025-03-18;2026-01-07;1597;OK
DL3679;Airbus A350;2024-08-30;2025-12-12;3251;OK
NZ1172;Airbus A350;2025-06-15;2025-07-20;2871;OK
AV4300;Airbus A320;2024-10-14;2025-09-20;2107;OK
NH3141;Boeing 747;2025-04-05;2025-10-23;4743;OK
NH6529;Airbus A320;2025-05-16;2026-06-03;1488;OK
KE3317;Airbus A320;2025-05-11;2025-11-25;3806;OK
IB2817;Airbus A350;2025-03-25;2025-12-31;3465;OK
QF6897;Boeing 747;2025-04-19;2025-10-14;683;OK
EK3851;Boeing 777;2024-09-29;2025-07-30;1050;OK
UA5184;Boeing 777;2024-09-09;2025-06-22;3334;OK
SQ2653;Boeing 737;2024-07-20;2025-05-31;1207;OK
AC2767;Boeing 737;2025-05-29;2025-06-01;2352;OK
IB5135;Boeing 747;2025-01-11;2025-11-24;501;OK
DL6443;Boeing 777;2025-02-27;2025-09-08;4408;OK
SA4087;Boeing 777;2024-08-11;2026-07-22;4082;OK
LH2007;Airbus A350;2025-05-05;2026-05-26;1573;OK
AM4620;Airbus A330;2024-12-03;2026-02-18;2831;OK
AA1670;Boeing 747;2025-02-28;2025-11-20;4431;OK
TG3165;Boeing 747;2024-12-01;2026-04-17;4390;OK
SK4444;Airbus A320;2025-04-05;2025-08-22;2065;OK
KL5452;Boeing 747;2025-05-16;2025-11-19;2759;OK
TG7226;Airbus A320;2025-01-20;2025-08-01;4208;OK
TG5846;Airbus A330;2024-07-28;2026-05-21;2048;OK
UA3391;Boeing 777;2024-08-31;2025-11-09;3973;OK
AM6760;Airbus A320;2024-12-24;2026-05-21;2631;OK
AM5180;Boeing 737;2024-11-29;2025-06-15;4795;OK
SA4549;Boeing 737;2024-09-08;2026-05-27;2113;OK
NZ5165;Airbus A350;2024-11-08;2026-04-06;371;OK
CX8117;Boeing 777;2025-04-07;2026-04-07;3044;OK
NH8541;Airbus A320;2024-09-04;2026-02-20;1012;OK
NZ3512;Boeing 777;2025-04-14;2025-10-31;2791;OK
AV6609;Boeing 747;2025-02-02;2026-02-26;2966;OK
AI4833;Airbus A330;2025-01-09;2026-04-06;288;OK
KE6519;Airbus A350;2024-11-17;2025-07-20;148;OK
WN7757;Boeing 737;2025-05-26;2026-06-12;233;OK
ET6785;Boeing 737;2025-03-01;2025-11-05;4684;OK
CX4721;Airbus A350;2025-03-05;2026-05-28;4357;OK
NH5949;Airbus A320;2024-06-25;2026-06-26;3956;OK
DL2266;Boeing 737;2024-07-25;2026-06-22;2642;OK
BA2359;Airbus A330;2024-09-06;2026-04-29;2786;OK
AF7952;Airbus A350;2025-02-01;2025-10-19;4021;OK
BA7967;Airbus A330;2025-05-28;2025-10-23;3613;OK
QF1330;Boeing 737;2024-08-02;2026-07-25;1757;OK
QF8392;Airbus A330;2025-03-10;2026-04-30;3117;OK
AZ4071;Boeing 777;2025-04-06;2025-10-28;813;OK
AF8227;Boeing 737;2024-09-30;2025-11-09;3011;OK
SQ1871;Airbus A350;2025-05-11;2025-12-13;1848;OK
QR5322;Airbus A320;2025-03-22;2026-02-13;3721;OK
AF8541;Airbus A320;2025-01-12;2025-07-03;4876;OK
QR6609;Airbus A350;2025-02-13;2025-08-10;2961;OK
ET4833;Boeing 777;2024-08-11;2026-05-23;1757;OK
SA5364;Airbus A320;2025-02-04;2026-03-11;2543;OK
QF2015;Boeing 777;2025-01-19;2025-10-09;755;OK
AC2768;Boeing 777;2024-06-28;2025-12-15;3272;OK
SQ2818;Boeing 747;2024-07-28;2026-01-07;1850;OK
UA6826;Boeing 737;2025-06-03;2025-12-26;2962;OK
AZ4962;Airbus A330;2025-01-02;2026-01-03;842;OK
AI6595;Boeing 737;2024-07-10;2026-06-14;251;OK
UA9619;Airbus A350;2025-01-06;2026-03-29;1037;OK
EK8568;Boeing 747;2025-05-15;2025-05-30;4096;OK
KE1522;Boeing 747;2024-12-31;2026-01-14;4522;OK
AC5160;Boeing 747;2025-06-02;2026-04-23;3843;OK
AV3548;Airbus A330;2025-01-01;2026-02-07;4749;OK
WN9434;Airbus A320;2025-02-17;2025-09-08;4258;OK
CX4113;Airbus A320;2025-01-26;2026-01-13;1128;OK
AM8497;Boeing 747;2025-02-19;2026-04-05;645;OK
NZ1302;Boeing 747;2024-08-16;2025-11-22;2714;OK
LH7411;Airbus A330;2025-02-01;2025-08-07;4323;OK
NH7606;Airbus A330;2025-04-11;2025-09-28;1140;OK
WN5860;Airbus A350;2024-07-28;2026-03-29;1490;OK
UA8748;Boeing 747;2025-02-05;2026-07-24;2312;OK
WN8701;Airbus A320;2024-12-09;2025-09-12;1448;OK
LA3026;Airbus A330;2024-08-15;2026-03-09;4302;OK
IB4796;Airbus A350;2024-10-13;2026-07-27;4846;OK
NH3168;Airbus A320;2024-12-17;2026-05-17;455;OK
SK2434;Boeing 747;2025-03-09;2026-03-04;3194;OK
AC1444;Airbus A350;2025-03-07;2025-08-31;4637;OK
AF3819;Airbus A330;2024-08-03;2026-05-26;1322;OK
LH8277;Airbus A330;2024-07-25;2026-02-13;2124;OK
AV9115;Airbus A330;2024-10-06;2026-02-06;4934;OK
AF6719;Airbus A320;2024-08-05;2025-06-30;1468;OK
SA4548;Boeing 747;2024-07-08;2026-05-07;2961;OK
LA4783;Boeing 777;2025-05-21;2025-08-01;4596;OK
SA2417;Boeing 747;2025-01-16;2025-10-18;2639;OK
IB5615;Boeing 747;2024-10-31;2026-06-14;3548;OK
AC7380;Airbus A350;2025-05-12;2025-11-11;720;OK
LH1978;Boeing 747;2024-07-21;2026-06-16;4490;OK
SK4478;Boeing 747;2024-06-24;2026-05-04;4132;OK
EK3102;Boeing 777;2025-02-23;2025-10-07;3994;OK
EK7294;Boeing 737;2025-03-22;2026-07-06;320;OK
TG7432;Boeing 777;2025-04-30;2025-12-13;153;OK
KE1926;Airbus A320;2025-04-17;2025-06-20;816;OK
AZ6527;Airbus A320;2024-07-23;2025-10-04;2815;OK
EK4358;Boeing 747;2024-08-21;2025-12-11;1167;OK
UA7107;Boeing 747;2024-12-21;2025-07-25;1439;OK
KE1663;Boeing 777;2024-07-31;2025-08-10;4785;OK
AA6888;Boeing 777;2025-02-01;2025-06-25;3230;OK
AV2656;Airbus A320;2025-05-12;2025-07-24;3140;OK
LH7516;Boeing 737;2025-05-22;2025-06-18;4554;OK
AM4621;Airbus A320;2025-05-23;2026-03-24;2736;OK
SQ8993;Airbus A330;2025-05-18;2025-12-21;1539;OK
LH5523;Airbus A320;2024-12-15;2026-07-03;764;OK
SA4858;Boeing 777;2024-12-27;2026-07-04;2432;OK
CX8540;Boeing 747;2024-08-17;2025-10-10;3738;OK
AZ8816;Boeing 747;2025-03-04;2025-07-01;1294;OK
AV5663;Boeing 737;2024-08-18;2025-09-20;1639;OK
AC4052;Boeing 747;2025-02-14;2025-10-07;4521;OK
AA2833;Airbus A350;2025-04-08;2026-07-03;1933;OK
LH3292;Boeing 737;2024-07-31;2026-04-04;246;OK
UA4383;Boeing 747;2025-04-10;2025-12-12;1267;OK
NH6836;Boeing 777;2025-01-08;2026-06-19;1251;OK
WN1086;Airbus A350;2025-04-17;2025-10-27;1608;OK
IB2418;Airbus A320;2024-11-07;2026-01-15;4586;OK
TG4764;Boeing 747;2025-01-23;2025-07-23;1234;OK
KE9016;Boeing 737;2024-09-17;2025-08-14;2345;OK
AZ5348;Boeing 747;2024-12-20;2026-01-02;3442;OK
SK9628;Boeing 777;2025-04-01;2025-10-03;4884;OK
SK8444;Boeing 737;2024-07-13;2026-03-30;2989;OK
NZ1569;Boeing 737;2025-02-15;2025-06-16;570;OK
IB3113;Airbus A320;2024-11-21;2026-03-06;1139;OK
WN7674;Boeing 737;2025-05-17;2025-09-08;3726;OK
QF5718;Airbus A350;2024-07-16;2025-06-11;3055;OK
IB2849;Airbus A320;2024-11-17;2026-06-23;4050;OK
AC7381;Boeing 747;2025-03-31;2025-12-27;4796;OK
NH8056;Boeing 737;2024-08-23;2025-12-31;2739;OK
AF6385;Airbus A330;2025-06-07;2026-04-12;1357;OK
KL6392;Boeing 737;2025-04-25;2025-07-29;2843;OK
KE6235;Boeing 747;2024-08-31;2025-06-05;3317;OK
SK6642;Airbus A320;2024-12-25;2026-05-14;1331;OK
AC7975;Boeing 747;2025-01-25;2025-10-10;972;OK
AI7555;Airbus A350;2024-09-30;2026-05-22;1581;OK
WN1985;Airbus A350;2024-07-23;2025-12-12;731;OK
SA8877;Airbus A350;2025-02-21;2026-07-14;980;OK
NH2891;Airbus A320;2024-07-29;2026-06-22;852;OK
NH5763;Airbus A330;2024-12-23;2026-07-28;822;OK
AA8058;Boeing 777;2024-12-19;2025-09-10;3688;OK
UA1914;Boeing 777;2025-06-03;2025-09-02;1553;OK
AV4742;Boeing 747;2024-08-21;2025-11-21;1340;OK
SK7263;Airbus A350;2025-06-15;2026-01-19;1113;OK
QF8880;Airbus A350;2024-12-24;2025-07-02;2859;OK
QR2866;Boeing 747;2024-07-19;2025-09-17;1944;OK
AC6343;Airbus A330;2025-05-06;2025-10-13;4159;OK
SQ8046;Airbus A330;2024-10-30;2026-07-10;961;OK
SK7368;Boeing 777;2024-12-22;2025-11-25;3950;OK
LH8278;Airbus A330;2025-01-15;2026-05-27;822;OK
SK7017;Boeing 747;2025-02-27;2026-01-17;1471;OK
QF4469;Boeing 747;2025-03-03;2025-10-25;4575;OK
AV2988;Airbus A320;2024-11-24;2026-03-22;3371;OK
AZ7053;Airbus A350;2025-03-21;2026-01-19;2253;OK
KL6393;Airbus A330;2025-03-31;2026-02-19;1355;OK
DL3680;Airbus A350;2024-07-04;2025-10-31;4105;OK
UA4288;Boeing 747;2024-09-06;2025-12-18;3226;OK
LH2485;Airbus A330;2024-07-24;2025-09-03;2992;OK
SQ3534;Boeing 737;2024-11-23;2026-02-19;2181;OK
AM6972;Airbus A330;2024-07-08;2025-09-09;4419;OK
WN4815;Boeing 777;2024-07-24;2025-12-13;508;OK
KE6156;Boeing 777;2025-04-11;2026-07-24;889;OK
IB5963;Boeing 737;2024-08-27;2026-07-06;1977;OK
ET1460;Boeing 747;2024-07-26;2026-06-20;2230;OK
IB8664;Boeing 777;2024-11-10;2026-01-10;4160;OK
SA8898;Airbus A350;2025-01-26;2025-08-01;993;OK
QR7768;Boeing 777;2025-01-09;2026-06-07;4198;OK
UA4854;Boeing 777;2024-08-18;2026-02-01;1427;OK
NH9722;Airbus A330;2025-02-15;2025-09-08;2617;OK
AI1237;Boeing 747;2024-08-01;2026-06-01;2438;OK
SK3891;Boeing 777;2025-04-04;2026-06-14;1503;OK
TG6855;Airbus A350;2025-03-09;2025-06-28;1004;OK
KE4411;Airbus A350;2024-08-14;2025-10-10;3543;OK
QF8881;Airbus A330;2024-06-28;2025-12-08;3874;OK
AA1980;Boeing 777;2025-06-01;2026-01-06;2791;OK
AC5771;Boeing 747;2024-08-19;2025-08-17;2202;OK
NZ6764;Boeing 737;2025-02-18;2026-01-03;4499;OK
WN3567;Boeing 737;2025-05-24;2025-08-10;3071;OK
AZ7822;Airbus A320;2024-09-15;2026-06-18;4400;OK
KE3181;Airbus A350;2024-08-28;2026-03-16;3273;OK
AF6606;Boeing 737;2024-08-02;2025-08-21;326;OK
DL4723;Boeing 737;2025-02-21;2026-02-06;180;OK
AM2354;Boeing 747;2024-09-04;2025-12-04;1889;OK
CX4541;Airbus A330;2025-01-25;2025-08-28;4392;OK
NZ8106;Airbus A320;2025-05-24;2025-08-24;248;OK
QR5610;Airbus A330;2024-09-02;2026-07-25;1954;OK
AF3264;Airbus A330;2025-05-19;2026-07-20;3718;OK
AM7051;Airbus A320;2025-04-02;2026-03-19;3345;OK
SQ3948;Airbus A350;2025-03-27;2025-09-05;274;OK
LH6097;Boeing 777;2025-03-16;2025-08-11;4422;OK
UA1667;Boeing 777;2024-07-12;2025-08-25;613;OK
UA5552;Airbus A350;2024-07-12;2026-04-24;2831;OK
LH3401;Boeing 747;2025-05-22;2025-09-09;2831;OK
QR6356;Boeing 777;2025-05-01;2026-06-07;1765;OK
AA9066;Airbus A350;2024-07-26;2025-08-20;1768;OK
AM6618;Airbus A320;2025-03-01;2026-06-29;3180;OK
NH3030;Airbus A330;2025-04-25;2025-07-28;3887;OK
SA2680;Airbus A330;2024-09-08;2025-11-25;256;OK
NH2640;Airbus A350;2025-01-01;2025-12-22;241;OK
AM5332;Boeing 747;2024-10-13;2025-07-20;719;OK
AV2802;Boeing 777;2025-01-31;2026-07-28;2849;OK
NH9241;Boeing 737;2024-12-03;2026-04-14;2905;OK
NZ9603;Airbus A350;2024-06-20;2026-02-19;2765;OK
AA1405;Boeing 737;2024-11-18;2026-07-03;3698;OK
NZ3240;Boeing 777;2024-10-08;2026-02-01;517;OK
KL1170;Boeing 737;2025-01-20;2025-11-24;3663;OK
AI4924;Airbus A320;2024-07-12;2026-02-11;2764;OK
KE6236;Boeing 777;2025-05-05;2026-01-01;772;OK
QR6757;Airbus A320;2025-04-20;2026-06-10;1850;OK
QR3399;Boeing 777;2024-08-09;2025-12-11;4881;OK
DL5304;Airbus A320;2024-06-29;2026-05-23;1214;OK
AC3020;Airbus A320;2024-10-10;2025-12-27;1066;OK
AM3307;Airbus A350;2024-06-20;2026-03-29;1978;OK
BA7461;Boeing 737;2024-09-10;2026-06-28;162;OK
AC9578;Airbus A320;2024-07-09;2025-09-15;4108;OK
KE5403;Airbus A320;2025-06-16;2026-03-06;4177;OK
IB9356;Boeing 747;2024-09-27;2026-03-04;3468;OK
KL8666;Airbus A330;2024-08-18;2025-09-05;2708;OK
TG7416;Boeing 747;2025-01-05;2026-02-18;2827;OK
AF6433;Boeing 737;2024-08-10;2026-05-07;4275;OK
AZ1471;Airbus A350;2024-10-06;2026-02-12;390;OK
EK1431;Boeing 777;2025-05-03;2025-08-29;1935;OK
SA1576;Boeing 737;2025-05-05;2025-11-12;271;OK
NZ9968;Airbus A350;2024-11-03;2025-09-26;3264;OK
AC9289;Airbus A320;2024-10-11;2026-02-19;2624;OK
AI9055;Airbus A330;2025-05-05;2025-11-20;4866;OK
UA4283;Boeing 777;2025-05-30;2025-06-05;4657;OK
EK4042;Airbus A350;2025-06-18;2026-02-01;4266;OK
AI5828;Boeing 777;2024-10-18;2025-10-31;1831;OK
EK8571;Airbus A350;2024-10-16;2026-07-02;946;OK
SQ9982;Airbus A350;2024-08-31;2026-04-07;888;OK
AV7819;Boeing 737;2024-07-07;2025-06-27;1156;OK
AM4035;Airbus A330;2025-02-05;2025-12-29;581;OK
AF3820;Boeing 747;2025-01-12;2025-10-15;1774;OK
IB3835;Airbus A330;2024-10-12;2026-05-30;238;OK
SK5790;Boeing 737;2024-11-03;2026-06-16;2207;OK
AC1726;Boeing 777;2025-03-21;2025-12-06;3064;OK
QR5478;Airbus A330;2024-09-19;2026-03-31;4095;OK
NZ7696;Airbus A320;2025-01-25;2026-01-23;3899;OK
AF5390;Boeing 777;2024-09-04;2026-07-17;608;OK
DL8835;Airbus A350;2024-11-02;2025-11-01;412;OK
BA4649;Airbus A320;2025-01-31;2026-04-25;4287;OK
LH6337;Boeing 737;2024-12-22;2025-11-19;3706;OK
NZ6776;Airbus A320;2025-04-21;2025-09-05;4160;OK
AA7485;Airbus A350;2025-04-14;2025-08-10;1816;OK
KE3954;Boeing 747;2024-07-19;2025-06-05;4727;OK
AZ9404;Airbus A330;2025-02-12;2026-01-19;3790;OK
AF5408;Boeing 777;2024-11-22;2025-09-29;2222;OK
SK2435;Airbus A320;2025-03-20;2025-06-18;4467;OK
UA9423;Boeing 747;2024-07-17;2025-09-29;2735;OK
WN9242;Airbus A330;2024-06-20;2025-07-11;774;OK
QR6450;Airbus A330;2025-04-08;2025-09-22;929;OK
UA8751;Boeing 747;2024-08-27;2025-06-27;3974;OK
QR4498;Boeing 737;2024-10-01;2025-08-04;4798;OK
KE3049;Airbus A350;2024-12-07;2026-05-22;4403;OK
LH5685;Boeing 747;2024-09-16;2026-01-29;466;OK
CX3985;Airbus A320;2024-10-26;2025-09-10;1319;OK
KE6237;Airbus A350;2024-07-28;2025-06-16;1257;OK
QF2364;Boeing 747;2025-05-26;2025-07-22;3319;OK
AZ2773;Airbus A350;2024-11-22;2026-05-18;1415;OK
WN9155;Airbus A350;2024-07-18;2026-04-21;4135;OK
AM3648;Boeing 747;2024-09-03;2026-05-14;2721;OK
QF8551;Boeing 777;2025-05-25;2026-05-01;4342;OK
LH1985;Airbus A350;2025-05-31;2026-05-27;2436;OK
EK1066;Boeing 777;2024-10-02;2025-09-03;518;OK
IB2298;Boeing 777;2025-04-20;2025-10-09;1809;OK
AM3793;Boeing 747;2025-05-08;2026-01-30;1687;OK
AF6240;Boeing 747;2025-04-20;2026-07-20;1369;OK
WN9336;Boeing 777;2024-08-02;2026-05-31;534;OK
KE1537;Airbus A320;2024-12-10;2026-07-20;4081;OK
QF4544;Airbus A330;2024-10-30;2026-07-07;4662;OK
NZ7697;Boeing 777;2024-06-26;2026-06-23;1515;OK
NH2700;Boeing 747;2024-08-30;2026-01-16;3391;OK
WN1798;Boeing 747;2024-11-27;2025-10-23;3921;OK
NZ1546;Airbus A320;2025-05-09;2025-11-30;4300;OK
NZ9000;Boeing 777;2025-04-01;2026-06-07;2520;OK
WN9954;Airbus A320;2024-08-20;2026-04-21;3402;OK
BA7332;Airbus A320;2024-07-01;2025-11-15;4211;OK
AV7494;Airbus A330;2025-06-12;2025-12-05;4024;OK
AF7953;Airbus A350;2025-02-16;2026-03-25;291;OK
KL7820;Boeing 777;2024-06-26;2026-04-05;3192;OK
AM9841;Airbus A350;2024-07-15;2026-01-05;2341;OK
AI9969;Airbus A320;2025-02-06;2025-06-02;1588;OK
QF4545;Airbus A320;2024-07-17;2025-11-23;1654;OK
AA4202;Airbus A350;2024-10-05;2025-09-14;355;OK
SA6382;Airbus A350;2024-10-02;2025-11-06;3153;OK
LH4335;Airbus A320;2025-02-21;2026-03-06;4810;OK
AA8853;Airbus A330;2024-10-03;2025-08-18;1886;OK
AV3374;Airbus A350;2025-02-23;2025-07-18;3634;OK
KE7452;Airbus A320;2025-05-13;2026-06-07;1421;OK
QR8006;Airbus A350;2024-10-18;2025-06-10;1095;OK
QR7112;Boeing 747;2024-08-10;2026-03-25;4515;OK
BA1149;Boeing 777;2025-03-12;2026-02-10;3238;OK
SQ3780;Boeing 777;2025-06-15;2026-01-15;1115;OK
UA9424;Airbus A330;2025-04-28;2026-06-25;1052;OK
AA4031;Airbus A350;2024-10-06;2025-10-01;286;OK
AV8307;Airbus A320;2025-02-03;2025-09-30;3644;OK
WN7726;Boeing 747;2024-06-20;2025-09-29;2052;OK
NH6825;Airbus A350;2024-10-09;2025-10-11;149;OK
ET8511;Boeing 747;2025-05-30;2025-06-26;1373;OK
AZ8496;Airbus A350;2024-08-09;2026-02-24;1587;OK
QR1805;Airbus A330;2025-04-26;2026-07-05;1733;OK
LA8837;Boeing 777;2025-05-06;2025-07-24;374;OK
LH3536;Airbus A350;2025-04-22;2025-09-12;1448;OK
LH6338;Boeing 777;2024-08-19;2025-09-25;1456;OK
WN4624;Boeing 747;2024-08-05;2026-06-17;3608;OK
QR1587;Airbus A320;2025-01-05;2025-10-04;1158;OK
SK9545;Boeing 777;2024-09-26;2025-10-28;522;OK
TG5280;Boeing 747;2025-03-19;2026-02-15;1966;OK
ET1809;Boeing 737;2024-10-25;2025-05-31;4564;OK
NZ6109;Airbus A350;2024-08-21;2025-10-19;626;OK
SA2979;Boeing 777;2024-10-21;2026-01-18;750;OK
SK2512;Airbus A350;2025-01-08;2025-07-14;4288;OK
AF5759;Airbus A320;2024-08-19;2025-07-30;2422;OK
QR1240;Airbus A350;2024-11-20;2026-03-21;514;OK
AZ2894;Airbus A350;2024-08-22;2025-10-18;2949;OK
KE9657;Airbus A320;2024-10-12;2026-06-20;4239;OK
AZ1725;Airbus A350;2025-01-03;2026-07-11;2727;OK
ET9986;Airbus A350;2024-09-02;2026-02-27;4380;OK
QF7414;Airbus A350;2024-08-12;2026-07-10;1032;OK
EK4555;Boeing 777;2024-10-26;2026-03-15;1501;OK
ET8839;Airbus A320;2025-03-03;2026-05-22;1305;OK
AZ1037;Airbus A350;2025-04-14;2026-05-26;2930;OK
AA6628;Boeing 747;2024-11-25;2026-02-13;2795;OK
LA9044;Boeing 777;2025-02-17;2026-03-27;2154;OK
LH3183;Boeing 747;2025-05-03;2025-08-20;1821;OK
EK5011;Boeing 747;2025-05-13;2025-08-07;774;OK
AC7315;Airbus A350;2024-12-10;2026-04-29;891;OK
QR3296;Boeing 777;2025-06-19;2026-03-09;2123;OK
QF6361;Boeing 747;2025-03-02;2026-01-20;1801;OK
CX1163;Boeing 737;2024-12-22;2025-12-01;328;OK
AV8569;Airbus A330;2025-02-05;2026-05-01;2362;OK
KE7714;Boeing 777;2025-04-26;2025-07-25;728;OK
DL8854;Airbus A350;2024-11-26;2026-07-22;357;OK
ET2634;Airbus A330;2025-02-05;2025-08-31;2600;OK
WN5043;Airbus A350;2025-04-17;2025-12-13;1464;OK
IB6717;Airbus A350;2025-04-24;2026-04-15;3681;OK
NZ1208;Boeing 737;2024-12-29;2025-12-26;3460;OK
AV1895;Boeing 737;2025-06-11;2025-10-09;4723;OK
QF3964;Boeing 747;2024-09-03;2026-02-19;1712;OK
DL1233;Airbus A320;2024-08-14;2025-09-15;121;OK
NZ1707;Airbus A350;2025-02-17;2026-03-05;4420;OK
SA8121;Boeing 747;2024-09-01;2026-02-05;2867;OK
QF6834;Boeing 737;2025-01-06;2026-03-27;1665;OK
AI9365;Boeing 747;2024-07-20;2025-07-11;4305;OK
QR8923;Boeing 737;2025-03-10;2026-07-28;1307;OK
SQ3260;Boeing 737;2024-12-14;2025-06-18;2711;OK
QR2435;Boeing 777;2025-04-01;2026-07-28;622;OK
TG7204;Airbus A320;2024-10-16;2025-09-21;4307;OK
KE3098;Boeing 747;2024-09-13;2025-12-29;3511;OK
AZ9050;Airbus A330;2025-04-15;2026-05-31;3703;OK
SA7873;Airbus A350;2024-10-12;2025-09-20;3215;OK
CX3691;Airbus A350;2024-09-25;2025-07-04;4322;OK
AZ8989;Airbus A330;2025-04-29;2026-01-17;1321;OK
AA7962;Airbus A320;2024-10-31;2025-10-30;4763;OK
BA7835;Boeing 747;2024-11-21;2026-05-20;2780;OK
NH6666;Boeing 777;2024-07-21;2026-04-17;2556;OK
LH6305;Airbus A350;2025-01-14;2025-06-03;3267;OK
NZ8575;Airbus A320;2024-11-05;2026-05-29;4401;OK
AA5127;Boeing 737;2024-09-09;2026-04-12;2706;OK
LA7043;Boeing 777;2025-05-31;2025-08-05;4555;OK
AA4284;Boeing 737;2024-08-31;2025-09-28;2077;OK
AM4822;Airbus A330;2025-05-10;2025-06-30;2592;OK
AA7447;Airbus A350;2025-06-14;2026-07-24;1267;OK
KL3749;Airbus A330;2024-07-15;2025-06-06;4869;OK
BA4185;Boeing 777;2024-09-14;2025-11-22;618;OK
AA8666;Boeing 737;2024-12-25;2025-09-17;4176;OK
ET6025;Airbus A330;2025-02-17;2026-05-23;276;OK
AM8243;Airbus A350;2024-08-18;2025-06-10;1985;OK
IB9227;Boeing 777;2025-01-19;2025-11-25;3869;OK
LH1832;Airbus A350;2025-06-09;2025-06-24;4654;OK
AI4925;Airbus A350;2025-01-03;2026-04-18;3983;OK
LH5493;Airbus A350;2024-09-25;2025-10-31;1945;OK
TG3685;Boeing 747;2024-07-15;2025-11-11;2394;OK
DL1925;Boeing 737;2024-11-30;2025-07-28;979;OK
AA4285;Boeing 777;2024-08-28;2025-06-09;3033;OK
QR3382;Boeing 747;2024-11-28;2025-07-02;4772;OK
ET5973;Airbus A320;2025-01-27;2026-06-05;2125;OK
AC3743;Airbus A330;2024-07-16;2025-11-26;4846;OK
AI2711;Boeing 747;2024-11-08;2025-08-14;724;OK
ET5946;Airbus A320;2024-11-30;2026-01-05;2570;OK
SK6775;Airbus A330;2024-10-22;2026-02-10;1083;OK
NH9613;Boeing 747;2024-09-19;2026-07-18;3086;OK
AV7495;Boeing 737;2024-06-29;2026-01-02;4076;OK
CX4972;Airbus A330;2024-07-04;2025-12-08;1029;OK
AF4017;Boeing 777;2024-09-09;2026-01-07;102;OK
EK3720;Boeing 737;2024-12-13;2025-10-08;4653;OK
ET3891;Airbus A350;2025-05-01;2026-03-18;1804;OK
TG4572;Airbus A350;2024-11-03;2026-04-13;4396;OK
SA6570;Airbus A350;2024-12-16;2026-06-02;2250;OK
AM5261;Boeing 737;2024-07-24;2025-08-05;3280;OK
AI1169;Airbus A330;2024-08-21;2026-03-08;2183;OK
QR4438;Boeing 777;2025-03-06;2025-08-29;1029;OK
IB7103;Airbus A330;2024-07-02;2026-05-23;3889;OK
AC4413;Airbus A320;2025-01-31;2026-07-19;337;OK
BA9448;Airbus A350;2024-07-17;2026-05-31;4344;OK
UA1915;Airbus A320;2024-08-15;2026-06-30;4616;OK
AM8507;Airbus A330;2025-02-02;2026-05-22;1250;OK
QF3938;Boeing 777;2024-12-10;2025-09-23;4243;OK
UA3235;Boeing 737;2025-03-02;2026-05-31;3799;OK
IB1779;Airbus A320;2025-02-16;2026-06-22;2092;OK
TG7872;Boeing 777;2025-05-04;2026-07-07;3232;OK
BA3369;Boeing 777;2025-05-12;2025-07-25;2551;OK
IB3698;Boeing 737;2024-10-30;2026-02-22;4593;OK
DL4345;Airbus A330;2025-03-31;2026-02-02;1121;OK
KL5312;Boeing 777;2025-02-03;2026-07-18;4390;OK
SK9544;Boeing 777;2024-09-22;2026-06-27;1918;OK
AZ1675;Boeing 747;2024-12-08;2025-08-13;1968;OK
CX9990;Airbus A320;2024-08-03;2025-10-06;4403;OK
KL5800;Boeing 777;2025-05-18;2025-06-18;1818;OK
TG4731;Airbus A350;2024-12-19;2025-08-25;4537;OK
KL7178;Airbus A330;2025-06-15;2025-11-03;3689;OK
SK2122;Boeing 777;2025-05-10;2026-03-10;1979;OK
BA6528;Airbus A350;2025-03-24;2026-03-05;938;OK
AA1753;Airbus A350;2024-11-24;2026-07-20;942;OK
AI8807;Boeing 737;2025-04-17;2026-06-15;3099;OK
LA7080;Airbus A330;2025-03-10;2026-01-28;4772;OK
DL1090;Airbus A350;2024-11-27;2026-06-16;3991;OK
SK1423;Airbus A350;2024-09-16;2026-07-08;1396;OK
QF5089;Boeing 737;2024-12-05;2025-09-28;2216;OK
SA1292;Boeing 737;2024-10-06;2026-03-25;1755;OK
AI2948;Boeing 777;2024-08-15;2026-07-09;2621;OK
SA2288;Airbus A350;2024-11-28;2026-01-11;3902;OK
NZ8224;Airbus A350;2024-07-09;2025-06-14;4630;OK
AF6128;Airbus A330;2024-07-15;2025-12-24;2564;OK
AI3981;Airbus A330;2025-06-14;2025-09-24;3913;OK
WN4007;Boeing 747;2025-01-13;2026-03-07;4204;OK
DL3554;Airbus A320;2025-03-27;2025-08-03;184;OK
QR6374;Boeing 747;2024-09-09;2025-09-26;571;OK
LA4242;Airbus A320;2024-07-21;2026-04-21;1802;OK
KL1091;Boeing 747;2025-05-31;2025-07-19;4177;OK
TG3890;Boeing 737;2025-01-19;2026-06-03;958;OK
AC6946;Airbus A350;2024-10-05;2026-06-03;638;OK
BA7701;Airbus A330;2024-08-12;2026-04-16;3626;OK
KE2609;Airbus A330;2024-12-18;2026-03-09;839;OK
NZ7086;Boeing 777;2025-03-15;2025-06-26;4502;OK
QR7627;Airbus A350;2025-02-20;2026-04-19;4391;OK
QF4698;Boeing 747;2024-07-11;2026-07-24;3448;OK
SA5382;Airbus A330;2025-01-19;2025-12-27;270;OK
UA6353;Boeing 747;2024-07-05;2026-07-11;936;OK
NZ9559;Boeing 737;2025-01-26;2025-09-12;343;OK
KE9516;Airbus A320;2024-11-16;2025-07-20;206;OK
SA5308;Boeing 737;2024-09-02;2025-06-11;618;OK
SK6761;Boeing 737;2024-12-18;2025-10-18;745;OK
DL1375;Boeing 737;2025-04-03;2026-04-08;4353;OK
TG4368;Boeing 737;2025-01-10;2026-01-09;4136;OK
KE2000;Boeing 747;2024-07-31;2026-03-17;1614;OK
SQ9836;Boeing 737;2025-01-26;2025-12-25;3447;OK
AC9760;Airbus A330;2024-10-14;2025-11-24;2129;OK
UA9030;Airbus A330;2024-12-04;2026-07-26;4770;OK
AA8312;Boeing 777;2025-02-11;2026-07-30;4267;OK
KE8640;Airbus A350;2025-06-02;2026-03-21;404;OK
AZ6999;Boeing 777;2024-10-04;2026-03-20;1679;OK
KE7321;Airbus A320;2025-03-21;2026-06-11;3802;OK
KE2501;Boeing 737;2024-09-08;2026-06-07;4682;OK
AI9867;Airbus A350;2024-08-02;2026-07-01;4075;OK
QF9280;Airbus A330;2025-05-08;2025-12-08;4080;OK
AZ5777;Boeing 737;2025-03-27;2026-07-15;2533;OK
AZ8138;Boeing 747;2025-05-07;2026-02-06;486;OK
DL3021;Boeing 777;2025-05-16;2026-07-09;3664;OK
AA3880;Boeing 737;2024-09-25;2026-07-20;3488;OK
WN1387;Boeing 777;2025-05-30;2026-01-20;109;OK
LA3204;Airbus A350;2024-10-15;2026-01-26;750;OK
SK6504;Boeing 777;2025-05-13;2025-10-09;3799;OK
SQ9723;Airbus A330;2025-05-03;2026-02-21;1136;OK
SA9162;Airbus A330;2025-01-04;2026-05-16;563;OK
AV9155;Airbus A330;2025-04-28;2025-09-19;238;OK
TG5405;Airbus A330;2025-01-04;2026-01-29;2097;OK
DL7893;Boeing 777;2025-04-21;2026-05-28;4872;OK
SQ9837;Boeing 737;2024-09-21;2025-11-01;3337;OK
IB7753;Airbus A320;2024-06-21;2026-03-27;638;OK
EK7596;Boeing 777;2024-08-29;2025-11-09;4124;OK
AA4152;Airbus A320;2025-02-19;2026-02-17;4051;OK
QF2974;Airbus A330;2024-11-04;2026-05-17;1761;OK
UA5069;Boeing 737;2025-02-18;2026-07-10;3421;OK
IB4821;Airbus A350;2024-11-02;2026-07-28;3068;OK
NH4894;Boeing 777;2025-03-21;2026-05-31;2526;OK
EK3571;Airbus A350;2025-03-13;2025-07-12;3065;OK
AZ2845;Boeing 737;2024-11-21;2026-03-16;2193;OK
IB5964;Boeing 747;2024-07-03;2026-07-26;2016;OK
AV6156;Airbus A330;2025-04-12;2025-06-20;4061;OK
AM3649;Airbus A320;2024-08-15;2025-08-20;1974;OK
KE7499;Airbus A320;2024-11-08;2025-11-11;257;OK
AZ7452;Airbus A350;2025-03-23;2026-03-27;2371;OK
LH7175;Airbus A350;2025-02-16;2025-07-09;4438;OK
AC7769;Boeing 747;2024-12-28;2025-07-02;1623;OK
UA1392;Boeing 777;2025-05-09;2025-10-22;1154;OK
KE3611;Airbus A320;2024-10-21;2026-03-24;2478;OK
QR5358;Boeing 747;2025-04-28;2026-07-16;2654;OK
BA7761;Boeing 737;2025-01-03;2025-08-27;459;OK
LH6904;Boeing 747;2024-12-20;2025-12-10;982;OK
AM3700;Boeing 737;2024-10-08;2026-06-24;4671;OK
QR5977;Boeing 777;2025-01-01;2025-10-26;2393;OK
QF5892;Boeing 747;2025-06-11;2026-02-12;1110;OK
KE9114;Boeing 737;2025-05-16;2026-02-05;2118;OK
EK4646;Boeing 737;2024-10-26;2025-12-07;3668;OK
WN1868;Airbus A320;2024-10-27;2025-09-09;4718;OK
LH2858;Airbus A330;2024-07-03;2026-06-10;646;OK
NH5062;Airbus A320;2024-07-15;2026-03-04;3238;OK
SA2418;Boeing 777;2025-03-01;2025-12-11;2575;OK
AA2610;Boeing 737;2025-05-11;2026-04-28;2219;OK
LA4298;Airbus A320;2024-08-25;2026-02-25;4230;OK
SK3122;Airbus A320;2024-12-03;2025-08-08;4465;OK
QF9271;Boeing 737;2024-08-24;2025-10-03;3164;OK
TG5281;Boeing 747;2025-03-09;2025-09-03;4202;OK
NZ3355;Boeing 737;2024-07-16;2026-06-20;4611;OK
SA4830;Airbus A320;2024-12-29;2026-03-06;2439;OK
DL5196;Boeing 747;2025-02-17;2025-12-04;4517;OK
AM2984;Airbus A330;2025-03-05;2026-01-24;1962;OK
LA5045;Airbus A330;2024-12-12;2025-07-26;1504;OK
NH7193;Boeing 737;2025-01-27;2025-10-22;2690;OK
BA4267;Boeing 747;2025-05-01;2026-03-12;2907;OK
QR9262;Boeing 777;2025-03-01;2026-02-26;4209;OK
UA8455;Airbus A320;2024-12-27;2026-03-26;3556;OK
NH4392;Airbus A320;2025-02-05;2026-03-15;1942;OK
WN1388;Airbus A350;2025-04-27;2025-09-27;573;OK
ET8204;Boeing 737;2025-06-16;2026-02-28;3598;OK
AV2245;Boeing 777;2025-03-31;2025-11-28;2944;OK
AM6473;Airbus A320;2024-07-07;2025-09-26;3487;OK
LH6903;Airbus A320;2025-06-03;2026-06-04;676;OK
QR4818;Boeing 777;2025-01-31;2025-12-21;3871;OK
AM4411;Airbus A320;2024-10-16;2025-06-24;3813;OK
SA2518;Boeing 747;2025-06-01;2026-02-21;3318;OK
WN2403;Airbus A320;2024-07-01;2025-11-02;335;OK
UA5434;Boeing 777;2024-11-18;2025-08-09;3409;OK
NH4262;Airbus A330;2025-01-01;2026-06-26;1551;OK
BA9707;Boeing 737;2025-06-17;2026-06-05;1486;OK
ET3337;Boeing 747;2024-09-03;2026-01-18;4189;OK
CX1836;Boeing 737;2025-04-15;2026-05-28;4326;OK
AM6970;Boeing 737;2024-09-08;2025-09-26;2191;OK
SA6084;Airbus A350;2025-05-01;2025-09-11;4676;OK
AC9242;Airbus A320;2025-01-20;2025-12-19;350;OK
NZ5969;Airbus A330;2025-04-09;2025-08-16;2980;OK
UA5070;Boeing 777;2025-01-23;2025-08-27;3171;OK
AA4032;Airbus A330;2025-06-19;2025-12-25;4319;OK
QR8188;Boeing 777;2025-04-22;2025-07-08;1953;OK
NH1430;Airbus A350;2025-01-28;2025-07-03;3183;OK
BA8910;Airbus A320;2024-09-26;2025-07-13;1451;OK
AF2048;Airbus A320;2024-11-01;2025-11-28;3370;OK
NZ5122;Airbus A350;2024-06-21;2026-01-19;928;OK
IB2768;Airbus A320;2024-11-01;2025-05-31;1052;OK
LH1888;Boeing 737;2024-12-05;2025-08-20;1385;OK
AF2581;Airbus A330;2025-04-11;2026-05-24;3284;OK
ET3233;Boeing 747;2025-01-11;2026-02-18;4917;OK
EK7150;Airbus A330;2025-05-09;2026-05-28;4162;OK
AZ5549;Boeing 737;2025-03-17;2026-01-04;3404;OK
AZ7021;Boeing 737;2024-08-07;2026-07-10;2960;OK
KL6937;Airbus A330;2024-08-22;2026-05-11;606;OK
SK4971;Boeing 737;2025-05-18;2026-01-28;234;OK
SQ8153;Airbus A330;2025-03-23;2025-12-08;2108;OK
AZ9035;Airbus A350;2024-08-06;2025-10-09;4681;OK
KE3382;Airbus A330;2024-10-07;2026-04-15;2497;OK
QF3279;Boeing 777;2024-08-13;2026-05-14;998;OK
EK3918;Boeing 747;2025-01-11;2026-02-12;3515;OK
NH5280;Boeing 747;2024-06-22;2025-11-12;1509;OK
LH7664;Airbus A330;2024-12-18;2026-03-12;1977;OK
QR8924;Airbus A330;2025-05-11;2025-10-09;4865;OK
BA7256;Boeing 737;2024-09-18;2026-06-18;839;OK
AF6122;Airbus A330;2025-02-25;2025-09-01;1409;OK
NH8979;Airbus A320;2025-02-06;2026-06-25;4768;OK
DL4294;Airbus A320;2024-09-23;2026-03-09;2568;OK
WN8327;Airbus A350;2024-07-01;2026-03-25;3658;OK
CX1465;Boeing 777;2024-11-10;2025-11-07;2604;OK
LA5408;Airbus A350;2024-09-23;2025-09-24;4615;OK
NZ4755;Airbus A320;2024-11-19;2026-05-10;2064;OK
QR9885;Airbus A350;2025-01-21;2026-04-30;1220;OK
SK7629;Airbus A330;2024-10-08;2026-05-16;1385;OK
AC2041;Airbus A350;2024-07-14;2025-08-24;3000;OK
CX4114;Boeing 747;2025-04-09;2026-07-05;570;OK
KE7322;Airbus A330;2025-02-21;2026-02-12;1087;OK
SA8436;Airbus A320;2025-02-07;2026-03-29;3873;OK
SQ9635;Airbus A330;2024-08-28;2026-03-02;4668;OK
QR7020;Airbus A330;2024-09-15;2025-10-15;852;OK
AZ8963;Airbus A330;2024-07-06;2026-02-22;1807;OK
KL2728;Airbus A330;2025-04-14;2026-07-08;2663;OK
BA6368;Airbus A350;2024-09-16;2025-07-14;1819;OK
CX3529;Boeing 737;2024-07-31;2025-09-14;431;OK
DL3432;Boeing 747;2025-05-14;2026-03-23;1294;OK
AZ7443;Airbus A350;2024-07-29;2026-03-21;4281;OK
NH4045;Boeing 737;2025-05-23;2026-05-17;1030;OK
AC9441;Boeing 777;2025-02-07;2026-05-12;4691;OK
WN7675;Boeing 777;2025-06-14;2025-06-30;4011;OK
SQ4171;Airbus A320;2024-10-27;2026-04-29;1124;OK
SA3713;Boeing 747;2024-11-09;2026-01-09;1508;OK
UA9835;Boeing 747;2025-02-20;2026-06-24;2245;OK
SA2814;Boeing 747;2024-11-06;2025-10-06;4490;OK
LH4956;Airbus A350;2025-02-10;2025-09-29;4558;OK
TG4099;Boeing 747;2024-11-06;2025-11-26;2828;OK
TG6294;Boeing 777;2025-01-01;2025-06-22;1363;OK
UA8275;Boeing 777;2025-06-08;2026-03-09;288;OK
LH7681;Boeing 737;2024-08-01;2025-11-13;2477;OK
WN7063;Airbus A330;2024-08-11;2025-09-23;2479;OK
AZ7290;Boeing 737;2025-04-03;2025-12-02;1466;OK
AI6000;Boeing 747;2025-03-16;2025-10-16;4717;OK
SA2289;Airbus A330;2024-08-25;2026-07-08;759;OK
AM2800;Boeing 777;2025-05-15;2025-07-15;1238;OK
SQ1109;Airbus A320;2025-05-11;2025-07-25;4803;OK
LA5197;Airbus A350;2024-10-06;2026-05-12;1659;OK
KL2393;Boeing 747;2025-02-23;2025-12-27;1937;OK
AC4609;Airbus A320;2024-12-10;2025-09-09;4948;OK
KE7715;Boeing 747;2024-08-30;2025-08-26;454;OK
AF8542;Boeing 747;2024-12-04;2025-07-11;3766;OK
QF1128;Boeing 747;2025-01-18;2026-01-07;4222;OK
NZ6084;Boeing 737;2025-01-24;2026-03-22;3274;OK
AV4290;Boeing 777;2024-09-01;2026-01-09;2942;OK
AM8303;Boeing 747;2024-06-28;2025-11-11;3404;OK
EK8895;Boeing 777;2024-07-15;2025-12-01;1271;OK
QF5171;Boeing 747;2024-10-01;2025-10-30;1886;OK
LH8665;Airbus A330;2024-09-20;2025-07-03;3736;OK
ET4912;Airbus A320;2025-02-17;2026-06-21;1474;OK
WN5291;Airbus A330;2024-11-14;2026-05-17;1971;OK
EK7295;Airbus A350;2024-12-14;2025-10-11;3747;OK
KL6524;Boeing 777;2024-08-30;2025-07-02;2068;OK
AZ7376;Boeing 777;2024-07-17;2026-06-09;4620;OK
AF8543;Airbus A350;2025-01-07;2026-01-20;552;OK
AI5161;Airbus A350;2024-09-16;2025-07-21;2616;OK
AC5567;Boeing 747;2025-05-20;2025-06-21;1791;OK
AZ2434;Airbus A350;2025-05-26;2025-10-27;1910;OK
DL4260;Airbus A320;2025-05-31;2025-10-01;3820;OK
AA6725;Boeing 747;2025-03-30;2025-12-19;4645;OK
KL2016;Airbus A330;2024-08-21;2026-04-02;913;OK
UA8235;Boeing 747;2025-05-14;2025-07-02;3082;OK
AC4205;Airbus A350;2024-07-08;2026-03-19;2755;OK
QF1885;Airbus A320;2025-01-05;2026-05-22;2568;OK
AF3357;Airbus A320;2024-12-31;2026-04-05;553;OK
WN9145;Airbus A330;2025-03-12;2025-09-25;2409;OK
LH6339;Airbus A350;2025-01-05;2025-08-01;1684;OK
AI5829;Airbus A320;2025-06-12;2026-03-18;4066;OK
QR4220;Airbus A320;2025-02-13;2025-10-09;4998;OK
AZ2628;Airbus A330;2025-01-22;2026-04-12;3120;OK
CX9414;Boeing 777;2025-06-14;2025-06-20;1583;OK
ET9925;Airbus A320;2024-07-13;2026-05-14;2845;OK
AM3096;Airbus A350;2024-10-05;2026-07-02;1155;OK
IB3865;Boeing 777;2024-08-21;2026-03-30;1448;OK
TG9997;Boeing 737;2024-07-07;2025-08-24;3425;OK
SA4550;Boeing 737;2025-05-26;2026-07-12;4635;OK
KL5073;Boeing 777;2025-05-24;2025-06-21;2267;OK
SA3071;Boeing 737;2025-06-19;2025-11-05;2412;OK
ET9590;Boeing 737;2024-11-25;2025-08-04;3853;OK
TG4235;Boeing 737;2024-09-18;2026-07-19;1116;OK
AI4858;Airbus A350;2025-04-25;2026-06-25;2114;OK
BA6099;Boeing 747;2024-07-22;2025-10-26;3830;OK
WN3568;Airbus A350;2024-12-27;2025-09-14;2909;OK
AV9936;Boeing 737;2025-03-24;2025-06-15;1448;OK
BA5814;Boeing 747;2024-07-31;2026-01-11;4501;OK
AC2322;Airbus A350;2025-04-12;2025-10-06;248;OK
QR2850;Airbus A330;2025-02-05;2025-07-09;2234;OK
NZ5365;Boeing 737;2024-08-17;2026-03-11;1894;OK
BA1547;Boeing 777;2024-10-19;2025-06-27;1422;OK
LA5370;Boeing 747;2025-04-11;2026-06-26;4472;OK
AM8076;Boeing 777;2024-10-24;2025-12-30;1109;OK
TG3919;Airbus A320;2025-02-03;2026-02-22;3746;OK
UA7542;Boeing 777;2025-05-03;2026-03-20;4107;OK
AF3527;Boeing 747;2025-03-16;2025-12-13;1442;OK
QF1886;Airbus A330;2025-05-03;2026-06-03;4151;OK
KL8738;Airbus A350;2025-04-11;2026-04-20;3492;OK
NZ3854;Airbus A320;2025-05-31;2025-08-12;801;OK
UA9951;Airbus A320;2024-07-31;2026-03-28;4470;OK
SQ4035;Airbus A330;2025-06-09;2025-09-10;1194;OK
CX5974;Boeing 777;2024-07-08;2026-06-28;4455;OK
NZ9286;Boeing 737;2024-11-13;2025-10-20;3019;OK
QR4953;Boeing 777;2024-09-25;2025-11-09;1517;OK
QR9037;Boeing 737;2025-01-10;2025-08-23;4843;OK
UA9753;Airbus A330;2025-05-19;2026-06-04;1710;OK
AC2870;Boeing 747;2024-11-29;2025-08-21;2780;OK
WN9435;Airbus A350;2025-04-24;2026-06-18;2221;OK
QF3103;Airbus A350;2025-03-30;2025-12-26;2407;OK
IB3862;Airbus A320;2024-09-20;2025-07-22;3422;OK
NH2788;Boeing 747;2025-01-09;2026-04-27;1206;OK
SQ9022;Airbus A330;2024-10-05;2026-01-19;2487;OK
UA4384;Airbus A330;2025-01-17;2025-06-23;2466;OK
SA9163;Airbus A330;2024-08-08;2025-10-17;4125;OK
BA6415;Airbus A330;2024-10-19;2025-06-30;2764;OK
NZ7026;Boeing 737;2025-05-09;2025-12-14;4986;OK
UA8268;Airbus A350;2024-12-14;2026-05-18;4356;OK
QF5719;Airbus A350;2025-05-06;2026-07-18;349;OK
SK9059;Boeing 777;2025-03-25;2025-10-05;1228;OK
LA9192;Boeing 777;2025-03-18;2025-06-04;4898;OK
AF2649;Boeing 747;2025-04-19;2025-09-23;2767;OK
SA6283;Airbus A320;2024-11-18;2026-06-04;3571;OK
LA7380;Airbus A320;2025-02-13;2026-02-06;1110;OK
AC7293;Airbus A330;2025-02-12;2025-08-01;3857;OK
UA1658;Airbus A330;2025-03-22;2025-09-11;625;OK
IB5239;Airbus A350;2024-10-16;2026-02-12;4921;OK
UA9754;Airbus A320;2024-12-06;2026-05-19;977;OK
LH5850;Airbus A320;2024-11-10;2025-12-26;2665;OK
KL3196;Boeing 777;2025-04-06;2026-02-09;2732;OK
LH1304;Boeing 737;2024-09-11;2026-03-20;4083;OK
TG5265;Boeing 737;2025-04-26;2026-05-24;2886;OK
KE3955;Airbus A350;2024-12-26;2025-09-09;931;OK
DL6866;Airbus A320;2025-04-30;2026-05-19;3611;OK
QR9373;Airbus A330;2024-09-07;2025-07-12;3770;OK
TG6514;Boeing 737;2024-08-12;2026-01-17;3416;OK
EK6720;Boeing 747;2024-08-21;2026-04-26;4284;OK
EK9440;Airbus A330;2025-01-16;2026-01-07;140;OK
WN9522;Boeing 777;2024-12-30;2026-06-22;2629;OK
SK9763;Airbus A350;2024-07-30;2025-10-10;2750;OK
AF1136;Airbus A350;2024-11-21;2026-01-05;2700;OK
KL5155;Airbus A320;2025-04-26;2025-08-21;2827;OK
SQ5486;Airbus A330;2024-09-16;2025-12-28;4828;OK
SA5365;Boeing 737;2025-06-02;2026-07-07;1304;OK
